treated;age;education;black;married;nodegree;re74;re75;re78;hispanic;u74;u75
1;33;12;0;1;0;0;0;12418.07031;0;1;1
1;20;12;0;1;0;8644.15625;8644.15625;11656.50586;0;0;0
0;39;12;1;1;0;19785.32031;6608.137207;499.2572021;0;0;0
1;49;8;0;1;1;9714.59668;7285.947754;16717.12109;0;0;0
0;26;8;0;1;1;37211.75781;36941.26563;30247.5;0;0;0
0;38;10;1;1;1;14759.06348;14701.94727;4393.522949;0;0;0
0;28;12;0;0;0;0;803.3430176;16477.01953;0;1;0
0;27;12;1;1;0;0;752.3900757;0;0;1;0
1;33;12;1;1;0;20279.94922;10941.34961;15952.59961;0;0;0
0;44;9;1;1;1;12260.78027;10857.24023;12359.30957;0;0;0
0;28;10;0;1;1;5440.818359;6346.192871;6793.077148;0;0;0
0;31;12;0;0;0;0;494.6430054;0;0;1;0
0;24;12;0;1;0;28262.13086;24294.74609;665.7374268;0;0;0
0;29;12;0;0;0;12116.61133;12205.14258;16328.96387;0;0;0
0;20;11;0;1;1;7254.419922;8159.506836;6336.782715;0;0;0
0;22;10;0;1;1;25720.91992;23031.98047;5448.800781;0;0;0
1;35;9;1;1;1;13602.42969;13830.63965;12803.96973;0;0;0
1;42;9;1;1;1;0;3058.531006;1294.409058;0;1;0
1;21;13;0;0;0;9978.750977;8616.852539;99.57001495;0;0;0
1;23;12;0;0;0;5204.259766;3903.194824;796.5596924;0;0;0
0;18;12;0;0;0;735.2050781;735.2050781;2502.525879;0;0;0
1;22;12;0;0;0;6759.994141;8455.503906;12590.70996;0;0;0
0;20;12;0;0;0;4139.753418;3104.815186;12573.96582;0;0;0
0;22;12;1;1;0;9420.671875;9352.199219;8072.181641;0;0;0
0;35;11;1;1;1;7096.71582;8720.905273;0;0;0;0
1;27;13;0;1;0;9381.566406;853.7224731;0;0;0;0
0;41;12;1;0;0;10707.16113;9818.466797;0;0;0;0
0;30;11;1;1;1;0;9311.938477;3982.801025;0;1;0
1;22;12;0;1;0;492.2304993;7055.702148;10092.83008;1;0;0
1;27;12;1;1;0;10408.51563;7806.386719;2777.585205;0;0;0
1;42;14;1;1;0;0;0;13167.51953;0;1;1
0;27;10;1;1;1;13542.26953;11280.71094;0;0;0;0
1;41;14;0;0;0;0;0;5149.500977;0;1;1
0;50;8;1;1;1;7506.733887;5630.050293;8997.193359;0;0;0
1;26;10;1;1;1;9773.953125;8141.703125;4635.660156;0;0;0
0;25;10;1;1;1;12428.12207;11696.37207;11127.28027;0;0;0
1;35;8;1;1;1;13732.07031;17976.15039;3786.62793;0;0;0
0;25;9;1;1;1;24731.61914;16946.63086;7343.963867;0;0;0
1;33;11;1;1;1;14660.70996;25142.24023;4181.941895;0;0;0
0;28;12;1;1;0;0;0;0;0;1;1
0;27;11;1;1;1;20249.22461;20035.25586;9074.763672;0;0;0
1;46;8;1;1;1;0;0;3094.156006;0;1;1
0;30;14;1;1;0;0;0;7344.678223;0;1;1
1;19;10;0;0;1;0;5324.108887;13829.62012;0;1;0
0;34;13;1;1;0;0;0;5193.24707;0;1;1
1;26;11;0;0;1;0;2226.266113;13385.86035;0;1;0
0;30;11;1;1;1;24286.50781;24105.38672;7263.024902;0;0;0
0;36;12;1;0;0;0;142.3972931;0;0;1;0
1;45;5;1;1;1;0;0;8546.714844;0;1;1
1;23;10;1;1;1;0;936.4385986;11233.25977;0;1;0
0;39;12;1;1;0;0;0;3795.799072;0;1;1
0;23;9;1;1;1;19047.07422;19289.85156;7600.104492;0;0;0
0;27;11;1;1;1;0;4491.883789;0;0;1;0
1;38;12;0;0;0;0;0;4941.849121;0;1;1
0;24;11;0;0;1;2669.725098;1468.383057;10361.69043;0;0;0
1;26;11;1;1;1;0;1392.853027;1460.359985;0;1;0
1;29;14;1;0;0;0;679.6734009;17814.98047;0;1;0
1;27;11;1;1;1;2336.114014;2142.216553;2186.189209;0;0;0
0;55;3;1;0;1;0;0;5843.795898;0;1;1
0;20;11;0;0;1;1413.106689;1177.11792;8743.070313;0;0;0
0;54;11;1;0;1;0;0;7812.521973;0;1;1
0;36;12;0;0;0;13661.17773;11491.95215;4978.500488;1;0;0
0;23;10;1;1;1;0;0;0;0;1;1
0;28;11;0;0;1;2787.76123;3200.911865;7645.054688;0;0;0
0;32;12;0;1;0;0;0;6735.319824;1;1;1
0;32;12;1;0;0;13283.17188;12419.18457;10673.69727;0;0;0
0;18;9;0;0;1;0;559.5960083;7300.498047;0;1;0
1;26;11;0;0;1;22893.87109;22959.76172;2746.614014;0;0;0
1;28;11;1;1;1;6702.451172;6952.57959;7318.186035;0;0;0
0;28;11;1;1;1;824.388916;10033.91016;0;0;0;0
1;26;12;1;0;0;8811.737305;6608.803223;5811.765137;0;0;0
0;31;13;1;0;0;10255.53613;10393.61328;7404.762207;0;0;0
0;28;9;1;1;1;10222.41016;9210.447266;1239.843994;0;0;0
1;24;12;1;0;0;11972.125;12982.34082;0;0;0;0
1;46;13;1;0;0;0;0;647.2045898;0;1;1
1;18;10;1;1;1;785.059021;1958.096313;10989.92773;0;0;0
0;26;11;1;1;1;0;4184.731934;0;0;1;0
1;26;11;1;1;1;0;2754.645996;26372.2793;0;1;0
0;22;12;1;0;0;4380.01709;2003.680054;439.6881104;0;0;0
1;41;9;1;1;1;7864.907227;7212.120117;3154.719971;0;0;0
0;22;10;0;0;1;27864.35938;10598.66992;7094.919922;0;0;0
0;19;10;0;0;1;0;0;3194.01001;0;1;1
0;25;11;1;1;1;2336.114014;3266.405762;479.2677002;0;0;0
0;29;13;1;0;0;718.2492065;2265.579102;2725.322021;0;0;0
0;21;9;0;0;1;2988.412109;1577.166992;1740.198975;0;0;0
1;24;11;1;1;1;824.3886108;1666.113037;4032.708008;0;0;0
1;29;12;1;0;0;9748.386719;4878.937012;10976.50977;0;0;0
0;29;12;1;0;0;0;1359.346558;132.7599945;0;1;0
1;19;8;0;0;1;4101.929199;3416.906982;9251.356445;0;0;0
0;25;9;1;1;1;0;0;4715.371094;0;1;1
1;31;9;1;0;1;0;1698.607056;10363.26953;0;1;0
0;28;13;1;0;0;0;0;0;0;1;1
1;21;11;1;1;1;3523.636963;4167.998047;11300.23828;0;0;0
0;21;10;1;1;1;1946.760986;1785.17981;6831.105469;0;0;0
0;27;12;0;0;0;0;0;14792.90039;0;1;1
1;27;12;1;0;0;1971.310303;4310.455078;0;0;0;0
0;26;12;0;0;0;0;0;12383.67969;0;1;1
1;31;13;0;0;0;5996.019043;5498.349609;2329.866455;0;0;0
1;24;15;1;0;0;12813.50586;13008.49707;14683.62891;0;0;0
1;23;8;0;1;1;0;1713.150024;4232.309082;0;1;0
0;28;12;1;1;0;10585.12988;5551.456055;12780.01953;0;0;0
1;31;12;0;0;0;0;2611.218018;2484.549072;0;1;0
1;26;12;1;0;0;1051.250854;1088.906982;11460.56348;0;0;0
1;25;13;1;0;0;12362.92969;3090.731934;0;0;0;0
0;26;14;1;1;0;2025.566284;2025.566284;0;0;0;0
0;33;9;0;1;1;0;0;0;1;1;1
1;24;12;0;1;0;7864.896973;7212.110352;6485.508301;1;0;0
0;21;14;1;0;0;6463.243652;5926.794434;29408.03711;0;0;0
1;26;12;1;1;0;8408.761719;5794.831055;1424.94397;0;0;0
0;24;12;1;0;0;0;159.8847046;0;0;1;0
0;24;12;1;0;0;4739.030762;8100.533203;11235.10547;0;0;0
1;25;12;0;0;0;0;0;5587.50293;0;1;1
1;42;14;1;0;0;0;0;20505.92969;0;1;1
1;18;12;1;0;0;562.6570435;562.6570435;0;0;0;0
0;25;12;1;1;0;0;0;0;0;1;1
1;21;12;1;0;0;6473.683105;3332.408936;9371.037109;0;0;0
0;20;12;1;0;0;7182.492188;6004.728027;4779.720215;0;0;0
1;20;12;1;0;0;0;0;0;0;1;1
0;20;12;1;0;0;557.6987915;1371.473022;20893.10938;0;0;0
0;19;11;0;1;1;308.2192383;308.2192383;0;1;0;0
1;23;12;1;1;0;0;0;5911.550781;0;1;1
0;26;12;1;1;0;0;0;6191.942871;0;1;1
1;31;11;1;1;1;0;0;14509.92969;0;1;1
0;27;13;0;0;0;5214.306152;474.5018005;4812.576172;0;0;0
1;41;4;1;1;1;0;0;7284.98584;0;1;1
0;27;12;0;0;0;6044.951172;5035.444336;0;0;0;0
0;26;13;0;0;0;6476.73291;5395.118652;9766.200195;0;0;0
0;39;11;1;0;1;0;83.68963623;0;0;1;0
1;30;11;1;1;1;0;0;590.7817993;0;1;1
0;28;12;1;1;0;31634.79492;29009.10742;10067.43457;0;0;0
1;21;12;0;0;0;0;0;8048.603027;0;1;1
1;23;12;0;0;0;9385.740234;1117.438965;559.4431763;1;0;0
1;27;12;1;1;0;3670.87207;334.0492859;0;0;0;0
0;24;12;0;0;0;0;0;11294.62988;0;1;1
1;25;14;1;1;0;35040.07031;11536.57031;36646.94922;0;0;0
0;21;12;0;0;0;7254.419922;5440.814941;11544.00879;0;0;0
1;21;12;0;0;0;8059.57959;7390.634277;3557.934326;0;0;0
1;21;12;0;0;0;3670.87207;334.049408;12558.01953;0;0;0
1;38;11;1;0;1;0;0;0;0;1;1
1;40;12;1;0;0;0;0;10804.32031;0;1;1
1;41;9;1;1;1;6307.503906;5783.981445;0;0;0;0
0;28;10;1;1;1;8293.344727;6449.47998;16988.17969;0;0;0
1;42;12;1;0;0;0;0;2456.153076;0;1;1
1;27;8;1;0;1;6150.48291;7218.277344;7976.931641;0;0;0
1;23;12;1;1;0;15979.0127;15079.94727;10283.48828;0;0;0
1;48;4;1;0;1;0;0;6551.591797;0;1;1
1;29;10;0;0;1;0;8853.673828;5112.01416;1;1;0
0;27;7;1;1;1;0;0;0;0;1;1
1;44;11;1;0;1;0;0;0;0;1;1
0;26;8;1;1;1;3854.585205;4084.258057;0;0;0;0
1;37;11;1;1;1;0;0;9930.045898;0;1;1
1;31;9;1;0;1;10717.03027;5517.84082;9558.500977;0;0;0
0;36;11;1;0;1;5519.669434;7311.561523;0;0;0;0
0;22;7;1;0;1;13503.76953;13503.76953;11607.08496;0;0;0
0;50;10;0;0;1;0;0;0;1;1;1
1;29;11;1;1;1;0;0;9642.999023;0;1;1
1;38;9;0;0;1;0;0;6408.950195;0;1;1
0;28;11;1;0;1;17491.44922;13371.25;0;0;0;0
0;36;11;0;0;1;5443.733887;3063.87793;1324.541992;1;0;0
0;22;11;1;1;1;0;0;1698.303955;0;1;1
1;33;11;1;0;1;0;7867.916016;6281.433105;0;1;0
1;31;4;1;0;1;8517.588867;4023.210938;7382.548828;0;0;0
1;37;9;1;0;1;0;0;1067.505981;0;1;1
0;29;11;1;1;1;0;0;10225.87988;0;1;1
0;34;12;1;0;0;4906.619141;4087.213867;5670.819336;0;0;0
0;45;9;1;0;1;0;0;4844.803223;0;1;1
0;31;11;1;0;1;19555.31641;18291.41211;0;0;0;0
0;31;11;1;0;1;8419.75;7505.213379;308.3352356;0;0;0
1;19;9;0;0;1;3083.668945;3276.150391;14271.23535;1;0;0
0;33;12;1;0;0;0;0;5970.256836;0;1;1
1;17;10;1;0;1;1291.468018;5793.852051;5522.788086;0;0;0
1;25;11;1;1;1;0;0;1574.42395;0;1;1
0;22;11;1;0;1;1167.015381;875.2615356;9139.652344;0;0;0
1;22;11;1;0;1;8176.39209;7497.751465;668.746582;0;0;0
0;19;8;0;0;1;1087.803223;1087.803223;2987.10083;1;0;0
1;22;11;1;0;1;12300.92285;12170.94336;8408.392578;0;0;0
0;25;10;1;1;1;0;0;3701.812012;0;1;1
0;25;10;1;1;1;13519.96973;9319.444336;0;0;0;0
0;43;10;1;0;1;2502.86792;4128.442871;7565.272949;0;0;0
0;34;11;1;1;1;0;0;6040.334961;0;1;1
1;46;8;1;0;1;3165.657959;2594.7229;0;0;0;0
0;21;11;1;1;1;9659.415039;7244.561035;8976.826172;0;0;0
0;22;9;1;0;1;0;506.4075928;604.1987305;0;1;0
0;34;10;1;1;1;0;0;0;0;1;1
1;29;10;1;0;1;0;4398.950195;0;0;1;0
1;28;11;1;0;1;1929.029053;6871.855957;0;0;0;0
1;28;11;1;0;1;0;1284.078979;60307.92969;0;1;0
1;28;10;1;0;1;0;2836.506104;3196.571045;0;1;0
0;45;11;1;0;1;0;0;11796.46973;0;1;1
0;27;11;1;0;1;0;0;11197.33984;0;1;1
1;27;11;1;0;1;3311.802734;2483.852051;0;0;0;0
0;26;12;1;0;0;9247.101563;8479.592773;10820.55273;0;0;0
1;27;10;1;0;1;3504.168213;3213.322266;2094.118896;0;0;0
1;29;4;1;0;1;0;0;762.9146118;0;1;1
1;25;11;1;0;1;0;0;9897.048828;0;1;1
0;18;7;1;0;1;0;0;4132.577148;0;1;1
1;23;12;1;0;0;9342.1875;7782.041992;14416.83594;0;0;0
1;23;12;1;0;0;5506.308105;501.0740967;671.3317871;0;0;0
0;34;12;1;0;0;0;0;2113.721924;0;1;1
1;24;11;1;0;1;9344.451172;9180.919922;0;0;0;0
0;24;11;1;0;1;0;1327.993042;9495.902344;0;1;0
0;30;12;1;0;0;0;0;13613.34961;0;1;1
0;26;8;1;0;1;1126.290039;5562.598145;3523.577881;0;0;0
1;21;12;1;0;0;473.1141968;807.9511108;4350.907227;0;0;0
0;23;11;1;0;1;0;0;4350.907227;0;1;1
0;23;11;1;0;1;7617.361816;5716.407227;10274.83984;0;0;0
1;25;9;1;0;1;1419.343628;1536.50293;1709.342407;0;0;0
1;24;10;1;0;1;4250.401855;2421.947021;1660.508057;0;0;0
1;31;11;1;1;1;0;0;8087.486816;0;1;1
1;18;11;1;0;1;0;0;4814.626953;0;1;1
0;18;11;1;0;1;0;0;11303.13965;0;1;1
0;18;11;1;0;1;788.5233154;2041.363037;796.559021;0;0;0
0;18;11;1;0;1;8784.237305;8784.237305;1824.376587;0;0;0
0;17;10;1;0;1;0;0;2657.705078;0;1;1
0;25;11;1;1;1;0;0;44.75545883;0;1;1
0;19;11;1;0;1;3504.013916;3285.679932;11195.92969;0;0;0
0;19;11;1;0;1;6337.492188;4503.063965;0;0;0;0
0;19;11;1;0;1;1868.021362;1868.021362;0;0;0;0
0;19;11;1;0;1;5217.317383;5160.258789;0;0;0;0
1;19;11;1;0;1;2305.025879;2615.275879;4146.603027;0;0;0
1;19;11;1;0;1;9856.537109;10224.375;11293.80957;0;0;0
0;19;11;1;0;1;946.2277222;1615.901001;8823.05957;0;0;0
0;19;11;1;0;1;393.8598022;393.8598022;2481.518311;0;0;0
1;21;11;1;0;1;2956.965576;2217.724365;4082.369873;0;0;0
0;20;11;1;0;1;7964.086426;8012.085449;18155.83203;0;0;0
0;20;11;1;0;1;2569.724609;2531.311035;0;0;0;0
0;20;11;1;0;1;7967.209473;7967.209473;0;0;0;0
0;20;11;1;0;1;1650.460938;1650.460938;278.875061;0;0;0
0;20;11;1;0;1;1168.056763;1633.202393;1310.726563;0;0;0
1;20;11;1;0;1;3637.498047;1220.83606;1085.439941;0;0;0
0;24;9;1;0;1;2621.842529;4118.680664;597.4199829;0;0;0
0;30;9;0;0;1;3426.299561;3141.916748;1320.922485;0;0;0
0;31;10;1;1;1;0;0;0;0;1;1
0;18;10;1;0;1;678.130188;2456.994141;13674.74609;0;0;0
0;18;10;1;0;1;0;273.5524902;5514.365234;0;1;0
1;18;10;1;0;1;2143.410889;1784.274048;11141.38965;0;0;0
0;28;11;0;1;1;3472.947998;0;6771.62207;1;0;1
1;17;9;1;0;1;0;0;0;0;1;1
1;17;9;1;0;1;375.1047058;375.1047058;3621.707031;0;0;0
1;17;9;1;0;1;1716.509033;1253.438965;5445.200195;0;0;0
0;25;10;1;1;1;0;0;0;0;1;1
0;44;11;1;0;1;0;0;0;0;1;1
0;22;10;1;0;1;0;2174.955078;5344.020996;0;1;0
1;19;10;1;0;1;2959.07666;3213.112793;2975.031494;0;0;0
1;19;10;1;0;1;4121.949219;6056.753906;0;0;0;0
0;21;10;1;0;1;6661.062988;1162.362061;39483.53125;0;0;0
0;29;12;1;0;0;22859.43945;2080.208984;16969.94922;0;0;0
1;29;12;1;0;0;10881.94043;1817.284058;0;0;0;0
0;20;10;1;0;1;825.2301636;825.2301636;0;0;0;0
1;20;10;1;0;1;11073.08887;11073.08887;0;0;0;0
0;20;10;1;0;1;3114.817139;2856.287354;18347.25586;0;0;0
0;20;10;1;0;1;3666.63623;2749.977051;6867.740723;0;0;0
0;20;10;1;0;1;0;0;8598.522461;0;1;1
0;18;9;1;0;1;0;0;0;0;1;1
0;18;9;1;0;1;2138.093994;2138.093994;5767.70459;0;0;0
1;17;8;1;0;1;0;0;0;0;1;1
1;17;8;1;0;1;0;0;0;0;1;1
0;26;10;1;1;1;6140.367188;558.7733765;0;0;0;0
1;26;10;1;1;1;2027.999023;0;0;0;0;1
1;22;9;1;0;1;2192.876953;3836.986084;3462.563965;0;0;0
0;19;9;1;0;1;8409.626953;1778.088989;7171;0;0;0
0;21;9;1;0;1;31886.42969;12357.21973;0;0;0;0
0;20;9;1;0;1;7688.107422;9164.449219;8924.395508;0;0;0
0;20;9;1;0;1;9718.207031;9691.033203;8562.603516;0;0;0
0;31;4;0;0;1;11680.56445;10711.07715;0;0;0;0
0;44;9;1;0;1;0;0;9722.00293;0;1;1
0;18;7;0;1;1;3059.474121;2672.202148;6330.887695;1;0;0
1;19;8;1;0;1;2636.353027;2937.263916;7535.941895;0;0;0
1;21;8;1;0;1;989.2678223;3695.896973;4279.612793;0;0;0
0;19;10;1;1;1;0;0;12797.66992;0;1;1
0;17;10;0;0;1;1203.609009;1239.628052;5088.98584;1;0;0
0;19;9;1;1;1;0;0;16658.25;0;1;1
0;19;6;0;0;1;0;0;5071.800781;1;1;1
0;29;11;1;1;1;0;0;0;0;1;1
0;17;9;0;0;1;0;0;5114.813965;1;1;1
0;25;8;1;1;1;330.9494934;515.8274536;14281.30664;0;0;0
1;29;10;1;1;1;4687.801758;4923.263184;130.6791229;0;0;0
1;24;10;1;1;1;11703.2002;4078.1521;0;0;0;0
0;28;8;0;0;1;0;0;8190.420898;0;1;1
0;33;11;1;0;1;10523.83008;2899.820068;18859.89063;0;0;0
1;21;11;0;0;1;1261.637207;946.2279053;11412.23535;0;0;0
1;26;11;0;0;1;3807.535889;4676.457031;1973.345337;0;0;0
0;28;11;1;1;1;8593.163086;5393.89502;4974.585938;0;0;0
0;23;10;1;1;1;10746.07813;9854.15332;0;0;0;0
0;31;12;1;0;0;0;5613.90918;0;0;1;0
0;31;12;1;0;0;0;0;7284.394043;0;1;1
1;25;11;0;0;1;0;0;18783.34961;0;1;1
1;25;12;1;0;0;3297.249023;2746.608398;2090.678467;0;0;0
1;25;12;1;0;0;0;0;11965.80957;0;1;1
0;24;10;0;0;1;3000.837646;3000.837646;5350.038086;1;0;0
1;18;11;0;0;1;5491.535156;5491.535156;2454.5;1;0;0
0;27;11;1;1;1;1122.620605;1122.620605;215.8348083;0;0;0
1;17;10;0;0;1;2102.502441;2202.796387;4387.057129;1;0;0
0;17;10;0;0;1;1442.68103;1734.55896;6354.193848;1;0;0
0;17;10;0;0;1;4905.119141;1168.901978;11306.26953;1;0;0
1;43;9;1;0;1;0;0;0;0;1;1
1;25;10;0;0;1;5139.447754;4712.874023;6103.746094;0;0;0
0;25;10;0;0;1;8877.210938;8140.402344;3412.954834;0;0;0
0;21;14;1;0;0;0;0;5775.062012;0;1;1
1;21;11;0;0;1;6852.598633;6658.5625;9381.294922;1;0;0
0;21;11;0;0;1;2992.533936;8920.470703;20857.83984;1;0;0
0;17;11;0;0;1;0;0;0;0;1;1
1;18;10;0;0;1;12717.95508;12625.51074;0;1;0;0
0;18;10;0;0;1;0;0;1859.166992;1;1;1
1;27;10;1;1;1;0;0;18739.92969;0;1;1
1;22;10;1;1;1;1468.348022;5588.664063;13228.28027;0;0;0
0;30;13;1;0;0;6073.894531;5569.76123;0;0;0;0
0;23;11;0;0;1;21492.20313;19995.64258;12896.2168;0;0;0
0;19;10;0;0;1;0;0;0;1;1;1
0;19;10;0;0;1;1261.638184;2275.367676;4335.15918;1;0;0
1;18;11;0;0;1;3678.230957;919.5579224;4321.705078;0;0;0
0;27;12;0;0;0;27913.66211;24276.97461;15762.87695;1;0;0
0;17;10;0;0;1;2417.982422;2465.613281;4211.661621;0;0;0
1;26;12;1;0;0;0;0;10747.34961;0;1;1
0;26;12;1;0;0;0;0;0;0;1;1
1;22;11;0;0;1;0;0;1048.432007;0;1;1
0;19;11;0;0;1;823.2543945;823.2543945;2649.598877;0;0;0
0;19;11;0;0;1;0;0;0;0;1;1
1;27;9;1;1;1;0;934.4453735;1773.422974;0;1;0
1;30;12;1;0;0;0;0;24909.44922;0;1;1
0;20;11;0;0;1;1545.507324;1159.130493;0;0;0;0
1;25;8;0;0;1;24415.23438;23096.65234;6421.530273;0;0;0
0;19;9;0;0;1;2686.530029;2750.84082;15581.43652;1;0;0
0;29;14;1;0;0;3357.185303;3357.185303;7226.049316;0;0;0
0;26;10;1;1;1;12143.24121;9107.430664;12659.57617;0;0;0
1;17;9;0;0;1;1618.14978;1618.14978;6011.020996;0;0;0
1;25;11;1;1;1;0;0;0;0;1;1
0;24;8;0;0;1;0;0;10569.26953;0;1;1
1;29;13;1;0;0;0;0;7479.655762;0;1;1
1;25;12;1;0;0;6939.012207;5204.259277;0;0;0;0
0;17;8;0;0;1;0;0;10210.99023;0;1;1
1;28;15;1;0;0;0;0;9598.541016;0;1;1
1;19;9;0;0;1;0;0;13188.83008;0;1;1
1;25;12;1;0;0;14426.79004;2409.273926;0;0;0;0
0;25;10;1;1;1;0;0;0;0;1;1
0;18;8;0;0;1;1168.056396;1345.909424;1725.592407;0;0;0
0;29;12;1;0;0;0;0;1890.937012;0;1;1
0;28;14;1;0;0;7850.584961;6539.537598;3123.116211;0;0;0
0;18;6;0;0;1;6385.374023;6142.680664;3825.307617;1;0;0
0;42;10;1;0;1;0;0;6930.335938;0;1;1
1;23;7;0;0;1;0;0;0;0;1;1
1;18;8;0;1;1;0;0;2787.959961;1;1;1
0;21;11;1;1;1;7652.119629;7652.119629;8396.654297;0;0;0
1;23;10;1;1;1;9462.288086;10495.08398;3385.810791;0;0;0
0;24;12;1;0;0;0;0;0;0;1;1
0;27;13;1;0;0;9593.618164;8797.347656;1653.481201;0;0;0
1;27;13;1;0;0;0;0;0;0;1;1
1;27;13;1;0;0;0;0;14581.86035;0;1;1
0;27;13;1;0;0;0;0;7609.518066;0;1;1
1;27;13;1;0;0;0;0;34099.28125;0;1;1
0;27;12;1;0;0;31166.80859;32984.25;10833.3418;0;0;0
1;27;12;1;0;0;2143.413086;357.9498901;22163.25;0;0;0
0;27;12;1;0;0;3311.801758;2483.851318;3552.268066;0;0;0
0;38;10;1;0;1;0;0;0;0;1;1
1;22;16;1;0;0;0;0;2164.021973;0;1;1
0;26;12;1;0;0;7322.036621;7322.036621;4677.049316;0;0;0
1;22;12;1;0;0;5605.852051;936.1773071;0;0;0;0
0;22;12;1;0;0;0;0;0;0;1;1
0;25;13;1;0;0;10240.35742;10240.35742;10020.71484;0;0;0
0;25;13;1;0;0;3751.047607;3751.047607;1672.776001;0;0;0
1;25;12;1;0;0;0;0;3191.75293;0;1;1
1;25;12;1;0;0;0;0;0;0;1;1
0;25;12;1;0;0;0;0;3418.096924;0;1;1
0;25;12;1;0;0;0;0;0;0;1;1
1;25;12;1;0;0;0;0;2348.9729;0;1;1
1;21;13;1;0;0;0;0;17094.64063;0;1;1
0;25;11;0;1;1;0;0;4485.616211;1;1;1
1;24;12;1;0;0;20580.48047;18154.05469;0;0;0;0
1;24;12;1;0;0;13765.75;2842.763916;6167.681152;0;0;0
1;21;13;1;0;0;27052.1543;24806.82617;8803.666016;0;0;0
0;20;13;1;0;0;9106.676758;8965.243164;9199.5625;0;0;0
1;20;12;1;0;0;989.2678223;165.2077026;0;0;0;0
1;23;12;1;0;0;6614.121582;7841.972168;7947.256836;0;0;0
1;23;12;1;0;0;0;0;0;0;1;1
1;23;12;1;0;0;0;0;4843.175781;0;1;1
1;23;12;1;0;0;6269.34082;3039.959961;8484.239258;0;0;0
0;20;12;1;0;0;0;0;0;0;1;1
1;18;12;1;0;0;0;0;2321.106934;0;1;1
0;18;12;1;0;0;0;1405.511963;0;0;1;0
0;18;12;1;0;0;700.8337402;642.6644897;14444.70996;0;0;0
0;22;12;1;0;0;2590.696289;2158.050049;0;0;0;0
1;22;12;1;0;0;0;0;18678.08008;0;1;1
0;22;12;1;0;0;709.6714478;532.2536011;1333.445068;0;0;0
1;19;12;1;0;0;3042.10376;2534.07251;4551.978516;0;0;0
1;21;12;1;0;0;0;0;1254.582031;0;1;1
1;21;12;1;0;0;0;0;9983.78418;0;1;1
0;21;12;1;0;0;449.0479431;449.0479431;0;0;0;0
0;20;12;1;0;0;6576.286133;4932.214844;6086.966309;0;0;0
1;20;12;1;0;0;1265.394165;1160.366455;702.1838989;0;0;0
1;20;12;1;0;0;8113.89502;6085.421387;9750.660156;0;0;0
0;20;12;1;0;0;0;591.8151245;4159.918945;0;1;0
1;20;12;1;0;0;9227.558594;9227.558594;0;0;0;0
1;20;12;1;0;0;0;377.5686035;1652.636963;0;1;0
0;19;12;1;0;0;8417;2814.195068;1720.906982;0;0;0
1;19;11;0;1;1;5424.484863;5463.803223;6788.462891;1;0;0
0;19;12;1;0;0;0;0;0;0;1;1
1;40;11;1;0;1;0;0;23005.59961;0;1;1
0;18;10;0;1;1;2308.07373;1922.625488;4768.354492;1;0;0
0;27;12;0;0;0;2920.142334;2677.770508;17395.16797;1;0;0
1;20;6;0;1;1;10802.98242;10802.98242;4488.494629;1;0;0
0;36;7;1;0;1;1752.085327;1606.662231;20780.64844;0;0;0
0;24;7;1;0;1;0;0;1455.689941;0;1;1
0;21;8;1;0;1;879.2661133;2237.208496;1764.107666;0;0;0
0;35;11;1;0;1;0;0;0;0;1;1
0;39;9;1;0;1;0;0;0;0;1;1
0;23;12;0;0;0;5721.695801;8960.683594;7078.178223;1;0;0
1;18;12;0;0;0;584.0275269;535.5532837;1115.859619;1;0;0
0;29;9;1;0;1;9268.943359;9160.693359;0;0;0;0
0;36;10;1;0;1;0;0;14690.34961;0;1;1
1;33;8;1;0;1;0;0;289.7898865;0;1;1
0;32;11;1;0;1;0;0;11120.53027;0;1;1
0;39;6;1;0;1;0;0;0;0;1;1
0;38;10;1;0;1;0;0;12429.91016;0;1;1
0;38;8;1;0;1;0;0;0;0;1;1
0;37;10;1;0;1;8606.743164;8606.743164;0;0;0;0
0;20;10;1;0;1;690.1920166;690.1920166;10864.87598;0;0;0
0;36;10;1;0;1;0;0;0;0;1;1
1;27;11;1;0;1;0;0;7506.145996;0;1;1
1;35;10;1;0;1;0;0;4666.23584;0;1;1
0;35;10;1;0;1;9902.762695;9902.762695;9453.827148;0;0;0
0;35;10;1;0;1;0;0;445.8309021;0;1;1
0;25;10;1;0;1;0;0;20942.24023;0;1;1
0;24;11;1;0;1;0;0;14626.38965;0;1;1
1;30;11;1;0;1;0;0;0;0;1;1
0;20;9;0;0;1;0;0;8329.823242;1;1;1
0;23;11;1;0;1;37849.07031;29897.18945;23483.45117;0;0;0
0;34;11;1;0;1;0;0;2920.198975;0;1;1
0;34;11;1;0;1;8912.484375;8912.484375;5611.866211;0;0;0
1;23;10;1;0;1;17131.4668;15709.55566;5665.066406;0;0;0
1;25;8;1;0;1;37431.66016;37431.66016;2346.828125;0;0;0
0;34;10;1;0;1;0;0;7952.540039;0;1;1
0;30;8;1;0;1;0;1706.656982;0;0;1;0
0;21;7;0;0;1;0;0;0;1;1;1
0;34;9;1;0;1;5244.193359;4368.413086;14051.15625;0;0;0
1;20;9;1;0;1;6083.994141;0;8881.665039;0;0;1
0;29;11;1;0;1;0;0;0;0;1;1
0;33;11;1;0;1;0;0;0;0;1;1
1;34;7;1;0;1;1143.359375;857.5195313;0;0;0;0
1;29;8;1;0;1;0;0;1923.937988;0;1;1
0;28;10;1;0;1;10979.71387;10068.39746;0;0;0;0
0;29;9;0;0;1;9594.307617;16341.16016;16900.30078;1;0;0
1;32;11;1;0;1;0;0;8472.158203;0;1;1
1;27;11;1;0;1;17075.0332;14223.50195;7661.972656;0;0;0
1;32;10;1;0;1;2786.95874;2321.536621;179.0217285;0;0;0
0;32;10;1;0;1;0;0;0;0;1;1
0;26;11;1;0;1;4699.962891;1174.990967;6672.020996;0;0;0
0;27;11;1;0;1;3065.194092;766.298584;0;0;0;0
1;27;10;1;0;1;1001.145996;3550.074951;0;0;0;0
1;34;11;0;0;1;5061.578613;4641.467285;2877.682129;1;0;0
0;26;10;1;0;1;0;0;3931.238037;0;1;1
0;32;8;1;0;1;0;0;7152.131836;0;1;1
0;31;11;1;0;1;17711.88086;1726.444946;0;0;0;0
0;31;11;1;0;1;7662.168945;6382.586914;0;0;0;0
1;21;11;0;0;1;21589.08398;17983.70703;15191.91113;1;0;0
1;25;11;1;0;1;0;0;485.2297974;0;1;1
0;31;10;1;0;1;0;0;0;0;1;1
0;31;10;1;0;1;0;0;17014.58984;0;1;1
0;31;10;1;0;1;0;520.4462891;14527.87988;0;1;0
1;17;10;1;0;1;0;0;0;0;1;1
1;30;11;1;0;1;1913.033691;1913.033691;0;0;0;0
1;19;11;1;0;1;0;0;7458.10498;0;1;1
0;31;8;1;0;1;5495.414551;4577.680176;6153.82959;0;0;0
1;20;11;1;0;1;0;0;3972.540039;0;1;1
0;20;8;0;0;1;1350.30127;1124.801025;11731.19727;1;0;0
1;23;10;1;0;1;0;0;7693.399902;0;1;1
0;24;9;1;0;1;2788.498047;0;16461.57031;0;0;1
1;18;10;1;0;1;0;798.9078979;9737.154297;0;1;0
0;18;10;1;0;1;1557.408569;1428.143677;11602.93555;0;0;0
1;30;10;1;0;1;3140.236084;2615.81665;0;0;0;0
0;22;10;1;0;1;16486.17188;13732.98047;10770.96289;0;0;0
0;25;11;1;0;1;2622.097168;2455.067383;8764.147461;0;0;0
1;20;10;1;0;1;6123.456543;5100.838867;13626.04395;0;0;0
0;20;10;1;0;1;0;0;2015.503052;0;1;1
0;25;11;1;0;1;0;0;0;0;1;1
1;25;11;1;0;1;0;0;0;0;1;1
0;20;9;1;0;1;3311.802734;2483.852051;0;0;0;0
0;29;11;1;0;1;3550.888672;3256.164795;3290.293213;0;0;0
0;24;11;1;0;1;0;0;0;0;1;1
1;20;7;1;0;1;1884.141602;1569.48999;5518.083008;0;0;0
0;29;9;1;0;1;0;1203.823975;9378.65332;0;1;0
1;24;9;1;0;1;9154.700195;2288.675049;4849.559082;0;0;0
0;28;11;1;0;1;2431.948975;863.4794922;0;0;0;0
0;28;11;1;0;1;0;0;5767.132813;0;1;1
0;29;8;1;0;1;0;0;0;0;1;1
0;27;9;0;0;1;2129.015625;1596.761841;6723.414063;1;0;0
0;28;10;1;0;1;1471.292969;367.8233948;4858.89502;0;0;0
0;28;10;1;0;1;6567.329102;6567.329102;5435.786621;0;0;0
0;28;10;1;0;1;5377.655762;4479.586914;128.6719971;0;0;0
0;23;11;1;0;1;6382.309082;580.7901001;0;0;0;0
0;33;5;0;0;1;0;0;0;1;1;1
0;23;10;1;0;1;0;0;0;0;1;1
1;27;11;1;0;1;2206.939941;2666.273926;0;0;0;0
1;27;11;1;0;1;0;0;0;0;1;1
1;27;11;1;0;1;0;0;549.2984009;0;1;1
1;28;9;1;0;1;0;0;10694.29004;0;1;1
0;28;9;1;0;1;0;0;0;0;1;1
0;27;10;1;0;1;0;0;1135.469971;0;1;1
0;27;10;1;0;1;0;0;1184.881958;0;1;1
1;28;8;1;0;1;1577.047974;1182.786011;7779.263184;0;0;0
0;28;8;1;0;1;11870.09082;10610.08008;4623.187988;0;0;0
1;28;8;1;0;1;0;0;0;0;1;1
1;26;11;1;0;1;0;0;17230.96094;0;1;1
0;26;11;1;0;1;0;0;7176.187012;0;1;1
1;31;9;0;0;1;0;0;26817.59961;1;1;1
0;27;9;1;0;1;2838.687744;2129.015869;0;0;0;0
1;27;9;1;0;1;3059.4729;2294.604492;2018.555908;0;0;0
1;27;9;1;0;1;0;0;0;0;1;1
1;26;10;1;0;1;0;0;9265.788086;0;1;1
1;26;10;1;0;1;25929.67969;6788.958008;672.8773193;0;0;0
0;26;10;1;0;1;0;0;2169.0271;0;1;1
1;27;8;1;0;1;0;0;0;0;1;1
0;27;8;1;0;1;0;0;3783.659912;0;1;1
0;20;11;0;0;1;0;0;6378.720215;1;1;1
0;25;11;1;0;1;0;0;1264.232056;0;1;1
0;25;11;1;0;1;3649.768555;3649.768555;0;0;0;0
0;25;11;1;0;1;15209.99023;3072.726074;284.6583862;0;0;0
0;25;11;1;0;1;5281.245117;0;0;0;0;1
0;25;11;1;0;1;4672.223633;4284.429199;4116.702148;0;0;0
0;25;11;1;0;1;0;0;4196.375;0;1;1
0;17;9;0;0;1;731.9815674;671.2270508;4209.57959;1;0;0
0;26;9;1;0;1;7584.57373;6955.054199;11856.875;0;0;0
0;20;11;1;0;1;1931.244995;3248.937012;6027.638672;0;0;0
0;25;10;1;0;1;0;0;0;0;1;1
0;25;10;1;0;1;0;0;7367.040039;0;1;1
0;25;10;1;0;1;0;0;289.7898865;0;1;1
1;25;10;1;0;1;0;0;0;0;1;1
1;24;11;1;0;1;0;0;1991.400024;0;1;1
0;24;11;1;0;1;13627.26953;13370.5752;19533.88281;0;0;0
1;24;11;1;0;1;0;0;995.7001953;0;1;1
0;17;11;1;0;1;0;0;8551.533203;0;1;1
0;17;11;1;0;1;4080.72998;3796.029053;0;0;0;0
0;17;11;1;0;1;989.2678223;165.2077026;4251.126953;0;0;0
0;17;11;1;0;1;1261.501221;1156.796631;6365.03125;0;0;0
1;23;11;1;0;1;11946.11914;8959.588867;1659.499756;0;0;0
1;23;11;1;0;1;0;0;0;0;1;1
0;23;11;1;0;1;0;0;0;0;1;1
1;23;11;1;0;1;2355.178467;1961.863647;3689.125977;0;0;0
0;23;11;1;0;1;0;0;5088.759766;0;1;1
0;23;11;1;0;1;0;1896.022949;5573.546875;0;1;0
0;23;11;1;0;1;0;0;0;0;1;1
0;24;10;1;0;1;0;0;0;0;1;1
0;24;10;1;0;1;1570.118042;1307.908325;0;0;0;0
1;24;10;1;0;1;0;0;0;0;1;1
0;24;10;1;0;1;0;0;0;0;1;1
1;24;10;1;0;1;0;0;0;0;1;1
0;24;10;1;0;1;0;0;7618.63916;0;1;1
0;18;11;1;0;1;1064.698975;645.2722778;5497.59082;0;0;0
0;18;11;1;0;1;1170.327148;1170.327148;604.2286987;0;0;0
0;18;11;1;0;1;0;0;0;0;1;1
1;18;11;1;0;1;1135.474731;851.6060791;0;0;0;0
1;18;11;1;0;1;858.2542725;214.5635986;929.8839111;0;0;0
1;18;11;1;0;1;0;0;0;0;1;1
0;18;11;1;0;1;2499.641113;2292.170898;4994.226563;0;0;0
0;18;8;0;0;1;0;0;10798.55957;1;1;1
0;17;10;1;0;1;0;0;0;0;1;1
1;17;10;1;0;1;0;0;0;0;1;1
0;17;10;1;0;1;0;0;275.5661011;0;1;1
0;17;10;1;0;1;0;0;1143.386963;0;1;1
1;17;10;1;0;1;188.4142609;156.9490814;10641.24023;0;0;0
1;17;10;1;0;1;0;0;0;0;1;1
0;17;10;1;0;1;0;0;2189.426025;0;1;1
1;17;10;1;0;1;0;0;16218.04004;0;1;1
0;17;10;1;0;1;2072.555664;1726.438843;11061.61523;0;0;0
1;17;10;1;0;1;1201.140625;1000.55011;1433.53125;0;0;0
1;17;10;1;0;1;934.4453735;856.8864136;3251.099609;0;0;0
0;17;10;1;0;1;0;664.5689697;0;0;1;0
0;22;11;1;0;1;7914.130859;1321.660034;2639.290039;0;0;0
1;22;11;1;0;1;0;0;6456.696777;0;1;1
0;22;11;1;0;1;8810.067383;6974.483887;3708.718994;0;0;0
1;22;11;1;0;1;8125.351074;8774.791016;18295.81641;0;0;0
1;22;11;1;0;1;661.8984375;606.9608765;317.8951721;0;0;0
0;22;11;1;0;1;0;0;0;0;1;1
0;22;11;1;0;1;3250.14624;2707.371826;100.6998215;0;0;0
0;19;11;1;0;1;0;0;0;0;1;1
0;19;11;1;0;1;0;0;0;0;1;1
0;19;11;1;0;1;721.3405762;2445.589111;9772.283203;0;0;0
0;19;11;1;0;1;0;0;0;0;1;1
1;19;11;1;0;1;2102.502441;1927.994751;11965.8125;0;0;0
0;19;11;1;0;1;1626.623047;0;0;0;0;1
0;19;11;1;0;1;11827.83887;8870.878906;7396.29248;0;0;0
0;19;11;1;0;1;705.1963501;705.1963501;0;0;0;0
1;19;11;1;0;1;709.6714478;532.2536011;0;0;0;0
1;19;11;1;0;1;210.2502747;192.7994995;661.1923828;0;0;0
1;19;11;1;0;1;6971.326172;6409.026855;11648.69922;0;0;0
1;21;11;1;0;1;2878.113037;2158.584961;0;0;0;0
1;21;11;1;0;1;6374.677734;5310.106445;7906.34082;0;0;0
0;21;11;1;0;1;2483.851807;1862.888794;11630.66406;0;0;0
0;21;11;1;0;1;0;0;1553.291016;0;1;1
1;20;11;1;0;1;7008.338379;6426.646484;16451.46289;0;0;0
1;20;11;1;0;1;16318.62012;1484.994019;6943.341797;0;0;0
0;20;11;1;0;1;8009.164063;7666.875;7659.217773;0;0;0
1;20;11;1;0;1;759.2358398;696.2192383;0;0;0;0
0;20;11;1;0;1;3784.502197;3470.388672;7896.707031;0;0;0
0;23;10;1;0;1;0;0;0;0;1;1
0;23;10;1;0;1;0;0;0;0;1;1
0;23;10;1;0;1;0;0;0;0;1;1
1;23;10;1;0;1;2956.965576;2217.724365;0;0;0;0
0;25;8;1;0;1;0;0;3515.928955;0;1;1
1;25;8;1;0;1;0;0;0;0;1;1
0;19;10;1;0;1;0;604.1538696;0;0;1;0
0;20;8;1;0;1;0;0;0;0;1;1
0;24;9;1;0;1;1275.356201;1275.356201;8644.427734;0;0;0
0;24;9;1;0;1;9662.669922;9662.669922;0;0;0;0
0;18;10;1;0;1;0;0;11048.08008;0;1;1
0;18;10;1;0;1;0;0;781.2243042;0;1;1
1;18;10;1;0;1;0;0;11163.16992;0;1;1
1;18;10;1;0;1;763.1293945;699.7896118;480.5270081;0;0;0
0;18;10;1;0;1;960.4268188;240.1067047;2891.667969;0;0;0
1;18;10;1;0;1;1495.111572;1371.017334;12064.41309;0;0;0
0;18;10;1;0;1;1791.019897;1642.365234;0;0;0;0
0;18;10;1;0;1;1563.249023;0;9602.439453;0;0;1
0;18;10;1;0;1;2491.854004;2285.030029;3268.938232;0;0;0
0;18;10;1;0;1;0;0;202.2846985;0;1;1
0;18;11;1;0;1;4985.125;4152.609375;4164.76709;0;0;0
0;17;9;1;0;1;0;2595.26709;0;0;1;0
0;17;9;1;0;1;827.9502563;620.9627075;18085.73438;0;0;0
0;17;9;1;0;1;0;0;3590.701904;0;1;1
0;17;9;1;0;1;1608.588623;1206.441406;0;0;0;0
1;17;9;1;0;1;2001.900269;1667.583008;5594.729492;0;0;0
0;17;9;1;0;1;0;0;0;0;1;1
1;17;9;1;0;1;0;0;1953.267944;0;1;1
1;17;9;1;0;1;1466.652466;1341.651123;1374.065796;0;0;0
1;17;11;1;0;1;9266.560547;8497.435547;9017.003906;0;0;0
1;22;10;1;0;1;1168.056396;1071.107666;7315.452148;0;0;0
0;22;10;1;0;1;2119.658936;1765.676025;0;0;0;0
0;22;10;1;0;1;0;0;0;0;1;1
1;22;10;1;0;1;785.059021;653.9541626;11134.97852;0;0;0
0;22;10;1;0;1;0;0;0;0;1;1
0;26;6;1;0;1;0;0;4813.049805;0;1;1
1;19;10;1;0;1;1499.004761;1374.587402;13278.97461;0;0;0
0;19;10;1;0;1;1051.250854;963.9970703;7047.080078;0;0;0
1;19;10;1;0;1;0;385.2741089;8124.714844;0;1;0
0;19;10;1;0;1;0;0;5286.395996;0;1;1
0;19;10;1;0;1;1557.408569;1428.143677;4687.9375;0;0;0
1;19;10;1;0;1;0;0;3228.50293;0;1;1
1;19;10;1;0;1;3878.192871;3473.807617;5861.603516;0;0;0
0;19;10;1;0;1;0;0;4309.87793;0;1;1
0;18;11;1;0;1;0;0;4657.272949;0;1;1
0;18;10;1;0;1;1716.509033;2682.125;0;0;0;0
0;21;10;1;0;1;1230.09729;922.572937;0;0;0;0
0;20;10;1;0;1;3745.489014;3677.588379;557.7498779;0;0;0
1;20;10;1;0;1;5005.730957;2777.35498;5615.188965;0;0;0
1;23;9;1;0;1;2365.573242;1774.180054;11464.71387;0;0;0
1;23;8;0;0;1;0;0;3881.283936;1;1;1
0;18;9;1;0;1;2198.164307;2006.628662;6546.009277;0;0;0
0;18;9;1;0;1;0;0;12486.16992;0;1;1
1;18;9;1;0;1;1401.668091;1285.32959;15369.47754;0;0;0
0;18;9;1;0;1;0;0;10877.34961;0;1;1
0;18;9;1;0;1;0;0;2389.678955;0;1;1
0;18;9;1;0;1;0;0;0;0;1;1
0;18;9;1;0;1;1605.448242;1605.448242;0;0;0;0
1;18;9;1;0;1;1577.047974;1182.786011;5100.46875;0;0;0
0;18;9;1;0;1;588.7943115;490.4656372;3480.847412;0;0;0
0;18;9;1;0;1;1541.834961;1413.862671;3475.52002;0;0;0
0;18;9;1;0;1;0;0;9227.051758;0;1;1
1;18;9;1;0;1;0;3287.375;5010.341797;0;1;0
0;17;8;1;0;1;1962.335571;2036.790405;0;0;0;0
0;17;8;1;0;1;0;0;7010.443848;0;1;1
0;17;8;1;0;1;0;0;8993.865234;0;1;1
0;17;8;1;0;1;1025.080322;768.8101807;3020.947754;0;0;0
1;17;8;1;0;1;0;0;8061.484863;0;1;1
0;17;8;1;0;1;1284.862549;1178.218994;14380.17285;0;0;0
0;22;9;1;0;1;0;0;12898.37988;0;1;1
0;22;9;1;0;1;0;0;0;0;1;1
1;22;9;1;0;1;0;0;4056.493896;0;1;1
0;26;5;1;0;1;0;0;0;0;1;1
1;19;9;1;0;1;0;798.9078979;17685.17969;0;1;0
0;19;9;1;0;1;1083.381226;902.456543;1914.413574;0;0;0
1;19;9;1;0;1;0;0;8173.908203;0;1;1
0;19;9;1;0;1;0;0;5712.643066;0;1;1
0;19;9;1;0;1;2881.206787;2642.06665;2652.624512;0;0;0
0;19;9;1;0;1;1537.929321;1537.929321;4188.735352;0;0;0
1;18;9;1;0;1;0;0;4482.845215;0;1;1
0;18;9;1;0;1;0;0;0;0;1;1
0;18;9;1;0;1;0;0;10740.08008;0;1;1
1;21;9;1;0;1;0;0;0;0;1;1
0;21;9;1;0;1;591.4990845;0;3343.224121;0;0;1
1;21;9;1;0;1;6416.470215;5749.331055;743.666626;0;0;0
1;20;9;1;0;1;720.3008423;660.5158691;12229.62598;0;0;0
0;20;9;1;0;1;0;0;5193.088867;0;1;1
0;20;9;1;0;1;0;0;2035.91394;0;1;1
0;23;8;1;0;1;0;0;3746.700928;0;1;1
0;23;8;1;0;1;7724.283203;3403.055908;0;0;0;0
0;24;7;1;0;1;0;0;2193.528076;0;1;1
1;18;8;1;0;1;1308.223633;1199.640991;0;0;0;0
1;18;8;1;0;1;0;0;0;0;1;1
0;18;8;1;0;1;0;0;1568.150024;0;1;1
1;17;7;1;0;1;0;0;3023.878906;0;1;1
0;22;8;1;0;1;0;0;1390.509033;0;1;1
0;22;8;1;0;1;6891.693848;6150.520508;0;0;0;0
1;19;8;1;0;1;0;2657.056885;9970.680664;0;1;0
0;21;8;1;0;1;39570.67969;6608.304199;3083.581055;0;0;0
0;20;8;1;0;1;0;0;3644.655029;0;1;1
1;25;5;1;0;1;0;0;12187.41016;0;1;1
1;25;5;1;0;1;0;0;6181.879883;0;1;1
0;21;7;1;0;1;33799.94922;0;11011.57031;0;0;1
1;18;6;1;0;1;0;0;0;0;1;1
1;27;10;0;0;1;459.4355774;421.3024292;3075.861816;1;0;0
1;27;10;0;0;1;0;0;11142.87012;1;1;1
0;26;11;0;0;1;1789.935547;1491.016235;0;1;0;0
0;20;6;1;0;1;6006.878906;2850.610107;0;0;0;0
1;20;9;0;0;1;12260.78027;5875.048828;1358.642944;1;0;0
0;20;7;0;0;1;0;0;4374.040039;1;1;1
0;25;9;0;0;1;0;0;15791.12988;1;1;1
0;17;10;0;0;1;0;0;8469.275391;1;1;1
1;21;11;0;0;1;1395.390015;1395.390015;0;1;0;0
0;18;10;0;0;1;0;0;6527.918945;1;1;1
1;18;10;0;0;1;2589.041992;2589.041992;0;1;0;0
1;17;9;0;0;1;445.1704102;74.34345245;6210.669922;1;0;0
0;19;10;0;0;1;1197.461548;1197.461548;11223.71973;1;0;0
0;25;7;0;0;1;1413.106689;1177.11792;9722.348633;1;0;0
0;18;9;0;0;1;1646.510132;1646.510132;1065.672241;1;0;0
1;18;9;0;0;1;1868.891113;1713.773193;8836.56543;1;0;0
0;18;9;0;0;1;2927.927734;2684.909912;2978.669434;1;0;0
1;22;9;0;0;1;0;0;3595.894043;1;1;1
1;19;9;0;0;1;6511.124023;6511.124023;7913.385742;1;0;0
0;19;9;0;0;1;0;0;3811.683105;1;1;1
1;20;9;0;0;1;8740.939453;8015.441895;5487.969727;1;0;0
0;18;8;0;0;1;3311.802734;2483.852051;11135.53418;1;0;0
0;22;8;0;0;1;0;0;9920.945313;1;1;1
1;19;8;0;0;1;2483.851807;1862.888794;8774.623047;1;0;0
0;24;4;0;0;1;0;0;3880.833008;1;1;1
